Vendors name,Address,Phone number,Email,Social account,Website URL,Image URL,Vendors description,Category
RMNG Experiential Marketing Agency,"Los Angeles, CA",+1 949 812 8253,['connect@rmng.co'],https://www.instagram.com/rmng_agency,http://rmng.co,"https://thevendry.com/cdn-cgi/image/height=400,width=400,fit=contain,metadata=none/https%3A%2F%2Fs3.amazonaws.com%2Fuploads.thevendry.co%2F24841%2F1661519210190_52256262744_375a4e6eec_k.jpg","Experiential Marketing for the Post-Covid World. We launch pop-up campaigns, promotional tours and branded activations that go anywhere, draw attention in a big way, and satisfy customers‚Äô appetites for unique brand experiences.",Experiential Agency
Not Boring Events,"New York, NY",+1 914 874 7032,['tovarenasterling@gmail.com'],https://www.instagram.com/cheftova,http://cheftova.com,"https://thevendry.com/cdn-cgi/image/height=400,width=400,fit=contain,metadata=none/https%3A%2F%2Fs3.amazonaws.com%2Fuploads.thevendry.co%2F24841%2F1661519210190_52256262744_375a4e6eec_k.jpg","I Host Virtual Chocolate Tastings For Customer Events, Team Buildings & Fundraisers",Group Activities
The Cocktail Architect,"Brooklyn, NYWoodstock, NY",+1 646 334 1734,[],https://www.instagram.com/thecocktailarchitect.com,http://thecocktailarchitect.com,"https://thevendry.com/cdn-cgi/image/height=400,width=400,fit=contain,metadata=none/https%3A%2F%2Fs3.amazonaws.com%2Fuploads.thevendry.co%2F24841%2F1661519210190_52256262744_375a4e6eec_k.jpg","Cocktail Classes, Kits, and simple Syrups The Cocktail Architect is a Mixology & Events company run by a duo of Culinary Creatives, with locations in New York, Olivebridge NY, and The Hudson Valley, we host Cocktail Classes, Kits, and Syrups",Beverage Services
JJLA,"Los Angeles, CA",+1 213 248 1225,['events@jj-la.com'],https://www.instagram.com/meetjjla,http://jj-la.com,"https://thevendry.com/cdn-cgi/image/height=400,width=400,fit=contain,metadata=none/https%3A%2F%2Fs3.amazonaws.com%2Fuploads.thevendry.co%2F24841%2F1661519210190_52256262744_375a4e6eec_k.jpg","JJLA produces unexpected and innovative solutions for projects ranging from public concerts, festivals and brand experiences, to corporate brand activations, trade shows, experiential tours, non-profit benefits and private events.",Experiential Agency
NVE Experience Agency,"West Hollywood, CANew York, NY",+1 323 785 2710,[],https://www.instagram.com/experiencenve,http://experiencenve.com,"https://thevendry.com/cdn-cgi/image/height=400,width=400,fit=contain,metadata=none/https%3A%2F%2Fs3.amazonaws.com%2Fuploads.thevendry.co%2F24841%2F1661519210190_52256262744_375a4e6eec_k.jpg",The right moment will transform someone forever.,Experiential Agency
Pink Sparrow,"Brooklyn, NYGardena, CA",No Phone Number,[],https://www.instagram.com/pinksparrow_,http://pinksparrow.com,"https://thevendry.com/cdn-cgi/image/height=400,width=400,fit=contain,metadata=none/https%3A%2F%2Fs3.amazonaws.com%2Fuploads.thevendry.co%2F24841%2F1661519210190_52256262744_375a4e6eec_k.jpg","Pink Sparrow is a forward-thinking design and fabrication shop specializing in experiential environments. We produce high-quality, impactful environments for marketing events, pop-ups, mobile tours, retail, trade shows, and much more.",Fabrication
C2 Imaging ,Multiple locations,+1 720 941 5900,[],https://www.instagram.com/c2imaging,http://c2imaging.com,"https://thevendry.com/cdn-cgi/image/height=400,width=400,fit=contain,metadata=none/https%3A%2F%2Fs3.amazonaws.com%2Fuploads.thevendry.co%2F24841%2F1661519210190_52256262744_375a4e6eec_k.jpg","We are C2 Imaging, a premiere technology company specializing in print. It‚Äôs our job to help your brand stand out and communicate through a wide variety of materials.",Signage & Printing
Bright Event Rentals,Multiple locations,No Phone Number,[],https://www.instagram.com/brighteventrentals,http://bright.com,"https://thevendry.com/cdn-cgi/image/height=400,width=400,fit=contain,metadata=none/https%3A%2F%2Fs3.amazonaws.com%2Fuploads.thevendry.co%2F24841%2F1661519210190_52256262744_375a4e6eec_k.jpg",Bright Event Rentals is your full-service rental company for special events of any size in California and Arizona.,Rentals
Sound Investment AV,"Brooklyn, NYChicago, IL",+1 646 518 8989,"['info@soundinvestmentav.com', 'info@soundinvestmentav.com']",https://www.instagram.com/sound_investment,http://soundinvestmentav.com,"https://thevendry.com/cdn-cgi/image/height=400,width=400,fit=contain,metadata=none/https%3A%2F%2Fs3.amazonaws.com%2Fuploads.thevendry.co%2F24841%2F1661519210190_52256262744_375a4e6eec_k.jpg","State of The Art Audio, Video and Lighting Solutions. Collaborative Team. Innovative Technologies. Heightening Sensory Experience.",AV Rental & Production
Lumen & Forge,"Las Vegas, NV",+1 702 443 8536,[],https://www.instagram.com/lumenandforge,http://lumenandforge.com,"https://thevendry.com/cdn-cgi/image/height=400,width=400,fit=contain,metadata=none/https%3A%2F%2Fs3.amazonaws.com%2Fuploads.thevendry.co%2F24841%2F1661519210190_52256262744_375a4e6eec_k.jpg","Lumen & Forge is a multi-disciplined company with a creatively driven team of immersive experts transporting participants into awe-inspiring, extreme, and otherworldly encounters. Many have referred to L&F as their experiential secret weapon. ",Experiential Tech
BlackHouse,"Queens, NY",+1 212 213 4630,"['info@blackhousenyc.com', 'info@blackhousenyc.com']",https://www.instagram.com/blackhousenyc,http://blackhousenyc.com,"https://thevendry.com/cdn-cgi/image/height=400,width=400,fit=contain,metadata=none/https%3A%2F%2Fs3.amazonaws.com%2Fuploads.thevendry.co%2F24841%2F1661519210190_52256262744_375a4e6eec_k.jpg","BlackHouse is a planning & production company based in Queens, NY.",Planning & Production
23 Layers (Twenty Three Layers),"New York, NY",+1 646 837 5902,"['events@23layers.com', 'events@23layers.com', 'events@23layers.com']",https://www.instagram.com/23layers,http://twentythreelayers.com,"https://thevendry.com/cdn-cgi/image/height=400,width=400,fit=contain,metadata=none/https%3A%2F%2Fs3.amazonaws.com%2Fuploads.thevendry.co%2F24841%2F1661519210190_52256262744_375a4e6eec_k.jpg","We love the creative solution. We live for unexpected design, unique experiences, and seamless production.",Planning & Production
Bednark Studio Inc.,"Brooklyn, NY",+1 347 422 0613,['office@bednarkinc.com'],https://www.instagram.com/bednarkstudio,http://builtbybednark.com,"https://thevendry.com/cdn-cgi/image/height=400,width=400,fit=contain,metadata=none/https%3A%2F%2Fs3.amazonaws.com%2Fuploads.thevendry.co%2F24841%2F1661519210190_52256262744_375a4e6eec_k.jpg","Bednark is a full-service fabrication company. We partner with industry leading Designers, Architects, Agencys and Brands to create exciting, transformational consumer experiences. Our clients choose us because we push the limits of what is possible.",Fabrication
"Cococlectic, craft bean-to-bar chocolate club","San Francisco, CA",+1 415 488 5889,[],https://www.instagram.com/cococlectic,http://cococlectic.com,"https://thevendry.com/cdn-cgi/image/height=400,width=400,fit=contain,metadata=none/https%3A%2F%2Fs3.amazonaws.com%2Fuploads.thevendry.co%2F24841%2F1661519210190_52256262744_375a4e6eec_k.jpg","We host in-person and virtual chocolate tastings, coffee tastings and chocolate & wine tastings. Our tastings are interactive and hosted by a culinary trained professional. Tastings are perfect for all types of dietary restrictions.",Group Activities
Mixology Mixer,"Miami Beach, FL",+1 646 334 1171,"['info@mixologymixer.com', 'info@mixologymixer.com', 'info@mixologymixer.com']",https://www.instagram.com/mixologymixer,http://mixologymixer.com,"https://thevendry.com/cdn-cgi/image/height=400,width=400,fit=contain,metadata=none/https%3A%2F%2Fs3.amazonaws.com%2Fuploads.thevendry.co%2F24841%2F1661519210190_52256262744_375a4e6eec_k.jpg",Mixology Mixer provides a unique experience for your next virtual event. With a twist on your standard mixology/cooking classes our mixers are available from the comfort of your own home.https://youtu.be/Ppk2Fo0lt0Q,Beverage Services
Pinch Food Design,"New York, NY",+1 212 244 7000,"['info@pinchfooddesign.com', 'info@pinchfooddesign.com', 'info@pinchfooddesign.com', 'info@pinchfooddesign.com', 'info@pinchfooddesign.com', 'info@pinchfooddesign.com', 'info@pinchfooddesign.com', 'staff@pinchfoodesign.com', 'info@pinchfooddesign.com']",https://www.instagram.com/pinchfooddesign,http://pinchfooddesign.com,"https://thevendry.com/cdn-cgi/image/height=400,width=400,fit=contain,metadata=none/https%3A%2F%2Fs3.amazonaws.com%2Fuploads.thevendry.co%2F24841%2F1661519210190_52256262744_375a4e6eec_k.jpg","We have nothing against conventional catering, it's just not what we do.",Catering
Empire Entertainment,Multiple locations,+1 212 343 1645,[],https://www.instagram.com/empireproduced,http://empireentertainment.com,"https://thevendry.com/cdn-cgi/image/height=400,width=400,fit=contain,metadata=none/https%3A%2F%2Fs3.amazonaws.com%2Fuploads.thevendry.co%2F24841%2F1661519210190_52256262744_375a4e6eec_k.jpg","Empire is a dynamic, full-service, New York City and Tokyo-based experiential and entertainment production agency that designs and produces projects for corporate, brands, association, not-for-profit and private clients.",Planning & Production
R&CPMK,Multiple locations,+1 203 354 7629,"['ukinquiries@rogersandcowanpmk.com', 'newbusiness@rogersandcowanpmk.com', 'ukinquiries@rogersandcowanpmk.com', 'newbusiness@rogersandcowanpmk.com']",https://www.instagram.com/randcpmk,https://www.rogersandcowanpmk.com/,"https://thevendry.com/cdn-cgi/image/height=400,width=400,fit=contain,metadata=none/https%3A%2F%2Fs3.amazonaws.com%2Fuploads.thevendry.co%2F24841%2F1661519210190_52256262744_375a4e6eec_k.jpg","We connect our clients to consumers through the world of entertainment, lifestyle, sports, influence, and popular culture.",Experiential Agency
Gradient Experiential,Multiple locations,+1 212 997 9742,[],https://www.instagram.com/wearegradient,http://wearegradient.com,"https://thevendry.com/cdn-cgi/image/height=400,width=400,fit=contain,metadata=none/https%3A%2F%2Fs3.amazonaws.com%2Fuploads.thevendry.co%2F24841%2F1661519210190_52256262744_375a4e6eec_k.jpg",Great Minds Think Differently,Experiential Agency
STAFFED INC.,"New York, NY",+1 917 678 8894,"['martin@staffedinc.com', 'info@staffedinc.com']",https://www.instagram.com/staffedinc,http://staffedinc.com,"https://thevendry.com/cdn-cgi/image/height=400,width=400,fit=contain,metadata=none/https%3A%2F%2Fs3.amazonaws.com%2Fuploads.thevendry.co%2F24841%2F1661519210190_52256262744_375a4e6eec_k.jpg","As a multi-divisional staffing agency, we offer Permanent, Temp & Event Staffing Services, Nationally. Our clients represent many of the industry leaders in Hospitality, Fashion, Marketing, Beauty, Creative, eCommerce, Hotels, and Event Venues.",Staffing
Entire Productions,"San Francisco, CA",+1 415 291 9191,"['events@entireproductions.com', 'events@entireproductions.com']",https://www.instagram.com/entireproductions,http://entireproductions.com,"https://thevendry.com/cdn-cgi/image/height=400,width=400,fit=contain,metadata=none/https%3A%2F%2Fs3.amazonaws.com%2Fuploads.thevendry.co%2F24841%2F1661519210190_52256262744_375a4e6eec_k.jpg",Entire Productions Creates BOLD Experiences that Drive Guest Engagement and Brand Evangelism.,Planning & Production
Steel Space Concepts,Multiple locations,+1 877 574 7979,[],https://www.instagram.com/steelspaceconcepts_,http://steelspaceconcepts.com,"https://thevendry.com/cdn-cgi/image/height=400,width=400,fit=contain,metadata=none/https%3A%2F%2Fs3.amazonaws.com%2Fuploads.thevendry.co%2F24841%2F1661519210190_52256262744_375a4e6eec_k.jpg","Geared towards revolutionizing the marketing, event and retail industry, Steel Space Concepts (SSC) offers converted shipping containers and other units to convey unique brand experiences.",Fabrication
Five Senses Tastings,"Los Angeles, CA",+1 917 690 2979,"['info@fivesensestastings.com', 'info@fivesensestastings.com']",https://www.instagram.com/fivesensestastings,http://fivesensestastings.com,"https://thevendry.com/cdn-cgi/image/height=400,width=400,fit=contain,metadata=none/https%3A%2F%2Fs3.amazonaws.com%2Fuploads.thevendry.co%2F24841%2F1661519210190_52256262744_375a4e6eec_k.jpg","Exquisite, full-sensory musical wine and cocktail tasting experiences. Based in Los Angeles, available anywhere.",Entertainment
Roaming Hunger,"West Hollywood, CA",+1 888 572 8756,[],https://www.instagram.com/roaminghunger,http://roaminghunger.com/food-truck-catering/,"https://thevendry.com/cdn-cgi/image/height=400,width=400,fit=contain,metadata=none/https%3A%2F%2Fs3.amazonaws.com%2Fuploads.thevendry.co%2F24841%2F1661519210190_52256262744_375a4e6eec_k.jpg","Roaming Hunger has a network of over 18,000 independent food trucks, trailers, and carts all across the US and Canada. We specialize in catering and events, and have provided food trucks for huge, large, and small events.",Food Truck
Daniel Events,"Delray Beach, FLDania Beach, FL",+1 561 393 1432,[],https://www.instagram.com/danielevents,http://danielevents.com,"https://thevendry.com/cdn-cgi/image/height=400,width=400,fit=contain,metadata=none/https%3A%2F%2Fs3.amazonaws.com%2Fuploads.thevendry.co%2F6297%2F1643724787920_fb-6.jpg","A foremost, floral, event design, and production company in South Florida.  We are a team of passionate award-winning designers, creators, artisans, and event production experts who thrive on bringing extraordinary visions to life for our clients.  ",Florals & Design
"East of Ellie, an events co. ","Shelton, CT",+1 203 712 7382,[],https://www.instagram.com/eastofellie,http://eastofellie.com,"https://thevendry.com/cdn-cgi/image/height=400,width=400,fit=contain,metadata=none/https%3A%2F%2Fs3.amazonaws.com%2Fuploads.thevendry.co%2F6297%2F1643724787920_fb-6.jpg","East of Ellie, an events co. is an award-winning women-run event planning agency. Your go-to team for corporate events and internal meetings. We are natural dreamers fiercely dedicated to successful (and smart) events. ",Planning & Production
B Floral: Event Design & Production,"New York, NY",+1 646 216 3169,"['events@bfloral.com', 'events@bfloral.com', 'events@bfloral.com', 'events@bfloral.com']",https://www.instagram.com/bfloralnyc,http://bfloral.com,"https://thevendry.com/cdn-cgi/image/height=400,width=400,fit=contain,metadata=none/https%3A%2F%2Fs3.amazonaws.com%2Fuploads.thevendry.co%2F6297%2F1643724787920_fb-6.jpg","B Floral produces dramatic, brand-driven design. Our unmatched dedication to customer experience has created hundreds of memorable moments through brand activations, customized installations and experiential events.",Florals & Design
Shiraz Creative,Multiple locations,+1 305 642 2227,[],https://www.instagram.com/shiraz_creative,http://shirazcreative.global,"https://thevendry.com/cdn-cgi/image/height=400,width=400,fit=contain,metadata=none/https%3A%2F%2Fs3.amazonaws.com%2Fuploads.thevendry.co%2F6297%2F1643724787920_fb-6.jpg","Experiential Marketing, Event Design, Event Production, Marking and Influencer Mailers, Digital Services and Graphic Design",Experiential Agency
AKJOHNSTON Group,"Anaheim, CA",+1 866 212 2192,[],https://www.instagram.com/akjohnstongroup,http://akjohnston.com,"https://thevendry.com/cdn-cgi/image/height=400,width=400,fit=contain,metadata=none/https%3A%2F%2Fs3.amazonaws.com%2Fuploads.thevendry.co%2F6297%2F1643724787920_fb-6.jpg","Design, direction and delivery all under one roof. Our capable departments offer vertically integrated solutions so you can experience what it REALLY means to go to a ""one-stop shop!""",Experiential Agency
Party Rental Ltd.,Multiple locations,+1 844 464 4776,"['inquiries@partyrentalltd.com', 'inquiries@partyrentalltd.com', '//a8e4acaac5e74f608a6bb55327c7a49d@sentry.io']",https://www.instagram.com/partyrentalltd,http://partyrentalltd.com,"https://thevendry.com/cdn-cgi/image/height=400,width=400,fit=contain,metadata=none/https%3A%2F%2Fs3.amazonaws.com%2Fuploads.thevendry.co%2F6297%2F1643724787920_fb-6.jpg",Your Party. Our Passion.,Rentals
wonderMakr,"Toronto, Canada",+1 855 444 8129,"['info@wondermakr.com', 'info@wondermakr.com', 'info@wondermakr.com', 'mark.stewart@wondermakr.com', 'info@wondermakr.com', 'info@wondermakr.com', 'info@wondermakr.com']",https://www.instagram.com/wondermakr,http://wondermakr.com,"https://thevendry.com/cdn-cgi/image/height=400,width=400,fit=contain,metadata=none/https%3A%2F%2Fs3.amazonaws.com%2Fuploads.thevendry.co%2F6297%2F1643724787920_fb-6.jpg","We are an Innovation, Digital & Experiential Technology Studio. We turn ‚Äòwhat if‚Äô, ‚Äòif only‚Äô, and ‚ÄòI wish‚Äô into innovative human experiences for brands and agencies. ",Experiential Tech
MKTG,Multiple locations,+1 678 433 5620,[],https://www.instagram.com/mktg_inc,http://mktg.com,"https://thevendry.com/cdn-cgi/image/height=400,width=400,fit=contain,metadata=none/https%3A%2F%2Fs3.amazonaws.com%2Fuploads.thevendry.co%2F6297%2F1643724787920_fb-6.jpg","Connection!  Whether you are a brand, consumer or just looking for a resource we are here. Collaborative experiential lifestyle agency that uses discovery, story-telling and consumer journeys to create valuable touch points throughout the experience.",Experiential Agency
Covert Cocktail Club,"Brooklyn, NY",+1 718 930 4768,"['matt@covertcocktailclub.com', 'matt@covertcocktailclub.com', '//cdn.jsdelivr.net/gh/willmyethewebsiteguy/accordions@3.1.016', 'matt@covertcocktailclub.com', 'matt@covertcocktailclub.com', '//cdn.jsdelivr.net/gh/willmyethewebsiteguy/accordions@3.1.016']",https://www.instagram.com/covertcocktailclub,http://covertcocktailclub.com,"https://thevendry.com/cdn-cgi/image/height=400,width=400,fit=contain,metadata=none/https%3A%2F%2Fs3.amazonaws.com%2Fuploads.thevendry.co%2F6297%2F1643724787920_fb-6.jpg","The CCC's engaging, fun and interactive virtual cocktail events will boost your spirits and teach you and your team to have an expanded appreciation for craft cocktails with the know-how to recreate them in the comfort of your own home.",Beverage Services
Creative Visual Solutions Inc. ,Multiple locations,+1 647 268 3623,[],https://www.instagram.com/creativevisualsolutionsinc,http://visual-solutions.ca,"https://thevendry.com/cdn-cgi/image/height=400,width=400,fit=contain,metadata=none/https%3A%2F%2Fs3.amazonaws.com%2Fuploads.thevendry.co%2F6297%2F1643724787920_fb-6.jpg","At CVS we have built a culture of hard work, dedication, diligence, and self-improvement which has translated into a dynamic team of individuals who want to exceed our clients‚Äô expectations. We love our work and it shows in every project we tackle. ",Fabrication
Glow Events,"San Francisco, CA",+1 415 967 0553,['info@glowevents.com'],https://www.instagram.com/gloweventdesign,http://glowevents.com,"https://thevendry.com/cdn-cgi/image/height=400,width=400,fit=contain,metadata=none/https%3A%2F%2Fs3.amazonaws.com%2Fuploads.thevendry.co%2F6297%2F1643724787920_fb-6.jpg",Glow Events is a boutique event planning firm specializing in creative decor design and full scale production. We produce corporate events without the corporate feel. ,Planning & Production
Got Light,"San Francisco, CA",+1 415 863 4300,"['design@got-light.com', 'design@got-light.com']",https://www.instagram.com/gotlightsf,http://got-light.com,"https://thevendry.com/cdn-cgi/image/height=400,width=400,fit=contain,metadata=none/https%3A%2F%2Fs3.amazonaws.com%2Fuploads.thevendry.co%2F6297%2F1643724787920_fb-6.jpg","San Francisco's Premier Wedding, & Corporate Event Design Team",Lighting
Industria Creative,"New York, NY",+1 646 802 0770,[],https://www.instagram.com/industriacreative,http://industria-creative.com,"https://thevendry.com/cdn-cgi/image/height=400,width=400,fit=contain,metadata=none/https%3A%2F%2Fs3.amazonaws.com%2Fuploads.thevendry.co%2F6297%2F1643724787920_fb-6.jpg","Industria Creative is an award-winning, full-service experiential marketing agency - we create dynamic brand experiences for both mass and luxury brands.",Experiential Agency
Pop Up Mob,Multiple locations,+1 833 446 8662,"['info@popupmob.com', 'info@popupmob.com']",https://www.instagram.com/popupmob,http://popupmob.com,"https://thevendry.com/cdn-cgi/image/height=400,width=400,fit=contain,metadata=none/https%3A%2F%2Fs3.amazonaws.com%2Fuploads.thevendry.co%2F6297%2F1643724787920_fb-6.jpg",A full-service experiential pop-up agency and incubator on a mission to keep the retail scene on its feet.,Experiential Agency
ATX Event Systems,"Austin, TX",+1 866 991 4818,[],https://www.instagram.com/atxeventsystems,http://atxes.com,"https://thevendry.com/cdn-cgi/image/height=400,width=400,fit=contain,metadata=none/https%3A%2F%2Fs3.amazonaws.com%2Fuploads.thevendry.co%2F6297%2F1643724787920_fb-6.jpg","ATX Event Systems is an Austin based production company with a four acre studio campus that helps virtual, live and hybrid events stand out with a creative deployment of virtual technology, sound, lighting, and video systems.",AV Rental & Production
Great Performances,"New York, NY",+1 212 727 2424,"['//cdn.jsdelivr.net/npm/bootstrap-select@1.13.14', '%20celebratefood@greatperformances.com', 'celebratefood@greatperformances.com']",https://www.instagram.com/gpfood,http://greatperformances.com,"https://thevendry.com/cdn-cgi/image/height=400,width=400,fit=contain,metadata=none/https%3A%2F%2Fs3.amazonaws.com%2Fuploads.thevendry.co%2F6297%2F1643724787920_fb-6.jpg","Great Performances is a caterer based in New York, NY.",Catering
Tinsel Experiential Design,"Brooklyn, NY",+1 929 376 7214,[],https://www.instagram.com/tinseldesignnyc,http://tinseldesign.com,"https://thevendry.com/cdn-cgi/image/height=400,width=400,fit=contain,metadata=none/https%3A%2F%2Fs3.amazonaws.com%2Fuploads.thevendry.co%2F6297%2F1643724787920_fb-6.jpg","We design experiences. We delight, inspire, and engage because consumers today expect to interact with brands in an authentic way, and anything less than ‚ÄùI‚Äôve-never-seen-anything-like-this‚Äù is immediately forgotten.",Experiential Design
Nest Experiential,"Santa Ana, CA",+1 714 979 5500,[],https://www.instagram.com/nestexperiential,http://nestexperiential.com,"https://thevendry.com/cdn-cgi/image/height=400,width=400,fit=contain,metadata=none/https%3A%2F%2Fs3.amazonaws.com%2Fuploads.thevendry.co%2F6297%2F1643724787920_fb-6.jpg","We‚Äôre Nest Experiential, and we‚Äôve been supporting creative agencies globally for over 20 years. We live to make your agency look like an experiential expert. ",Fabrication
Airgroup Atlanta,"Fairburn, GAAtlanta, GA",+1 404 941 1600,[],Not Available,http://airgroup.com,"https://thevendry.com/cdn-cgi/image/height=400,width=400,fit=contain,metadata=none/https%3A%2F%2Fs3.amazonaws.com%2Fuploads.thevendry.co%2F6297%2F1643724787920_fb-6.jpg",Leader in transportation for Experiential Events & Tradeshows,Transportation & Parking
Push Play Creative,"Denver, COMinneapolis, MN",+1 612 799 3577,['hello@pushplaycreative.com'],https://www.instagram.com/pushplaycreative,http://pushplaycreative.com,"https://thevendry.com/cdn-cgi/image/height=400,width=400,fit=contain,metadata=none/https%3A%2F%2Fs3.amazonaws.com%2Fuploads.thevendry.co%2F6297%2F1643724787920_fb-6.jpg","From immersive installations, mobile tours to virtual events and gifting experiences. Our experiences are designed to spark meaningful brand connections. Proudly women-owned, we delivers big innovative ideas driving your business further. ",Experiential Agency
Bollare,"West Hollywood, CA",No Phone Number,[],https://www.instagram.com/bollare,http://bollare.com,"https://thevendry.com/cdn-cgi/image/height=400,width=400,fit=contain,metadata=none/https%3A%2F%2Fs3.amazonaws.com%2Fuploads.thevendry.co%2F6297%2F1643724787920_fb-6.jpg","Full-service, beauty, fashion and lifestyle public relations firm. Between offices in New York and Los Angeles, Bollare works with brands across three verticals: celebrity seeding, digital consultancy and traditional press coverage.",PR
Mirrored Media,"Santa Monica, CA",+1 310 881 6314,['info@mirroredmedia.com'],https://www.instagram.com/mirroredmedia,http://mirroredmedia.com,"https://thevendry.com/cdn-cgi/image/height=400,width=400,fit=contain,metadata=none/https%3A%2F%2Fs3.amazonaws.com%2Fuploads.thevendry.co%2F6297%2F1643724787920_fb-6.jpg","WE ARE A FULL-SERVICE EXPERIENTIAL AND DIGITAL FIRM THAT CREATES HIGH-IMPACT, ENDURING LIFESTYLE ONLINE & OFFLINE CAMPAIGNS. RECOGNIZED AS THE SHORTY AWARDS SMALL AGENCY OF THE YEAR.",Experiential Agency
R90 Lighting,"Seattle, WA",+1 833 943 8548,"['info@r90lighting.com', 'info@r90lighting.com']",https://www.instagram.com/r90.lighting,http://r90lighting.com,"https://thevendry.com/cdn-cgi/image/height=400,width=400,fit=contain,metadata=none/https%3A%2F%2Fs3.amazonaws.com%2Fuploads.thevendry.co%2F6297%2F1643724787920_fb-6.jpg",Seattle's Premier LED Concert and Event Lighting Company.,Lighting
MCW EVENTS,Multiple locations,+1 206 792 5481,[],https://www.instagram.com/mcwevents,http://mcwevents.com,"https://thevendry.com/cdn-cgi/image/height=400,width=400,fit=contain,metadata=none/https%3A%2F%2Fs3.amazonaws.com%2Fuploads.thevendry.co%2F6297%2F1643724787920_fb-6.jpg","We Make Moments Matter.We lead with empathy, we collaborate and design with curiosity, we strategize and brainstorm toward authentic solutions to then execute a seamlessly planned event.   ",Planning & Production
Manifold,Multiple locations,+1 818 849 5590,"['hello@wearemanifold.com', 'hello@wearemanifold.com']",https://www.instagram.com/wearemanifold,http://wearemanifold.com,"https://thevendry.com/cdn-cgi/image/height=400,width=400,fit=contain,metadata=none/https%3A%2F%2Fs3.amazonaws.com%2Fuploads.thevendry.co%2F457%2F1564180770189_bumbleexterior.jpg","Manifold is a creative experiential marketing agency that offers strategy, ideation and execution. We aim to create experiences that engage, delight, captivate and inspire people.",Experiential Agency
Hodde Bros Beverage Co.,Multiple locations,+1 310 957 9958,"['hello@fixmen.com', 'jobs@fixmen.com']",https://www.instagram.com/hoddebros,http://hoddebros.com,"https://thevendry.com/cdn-cgi/image/height=400,width=400,fit=contain,metadata=none/https%3A%2F%2Fs3.amazonaws.com%2Fuploads.thevendry.co%2F457%2F1564180770189_bumbleexterior.jpg","Hodde Bros Beverage Co. is a beverage provider based in San Luis Obispo, CA.",Beverage Services
WEBB Production,"Salt Lake City, UT",+1 801 708 7920,"['info@webbproduction.com', 'info@wearewebb.com', 'info@wearewebb.com']",https://www.instagram.com/wearewebb,http://webbproduction.com,"https://thevendry.com/cdn-cgi/image/height=400,width=400,fit=contain,metadata=none/https%3A%2F%2Fs3.amazonaws.com%2Fuploads.thevendry.co%2F457%2F1564180770189_bumbleexterior.jpg",Event Production | Creative | Technology | Virtual Conference | Live Stream ,Planning & Production
360 Scenery,"Salt Lake City, UT",+1 801 708 7900,[],https://www.instagram.com/360scenery,http://360scenery.com,"https://thevendry.com/cdn-cgi/image/height=400,width=400,fit=contain,metadata=none/https%3A%2F%2Fs3.amazonaws.com%2Fuploads.thevendry.co%2F457%2F1564180770189_bumbleexterior.jpg","360 Scenery is a fabrication partner based in Salt Lake City, UT.",Fabrication
CSM Sport & Entertainment,Multiple locations,+1 317 344 1900,"['//i1.wp.com/www.csm.com/us/app/app-uploads/sites/2/2021/08/spirals-bg@2x.png', 'sarah.riggott@csm.com']",https://www.instagram.com/csm_worldwide,http://csm.com,"https://thevendry.com/cdn-cgi/image/height=400,width=400,fit=contain,metadata=none/https%3A%2F%2Fs3.amazonaws.com%2Fuploads.thevendry.co%2F457%2F1564180770189_bumbleexterior.jpg","A global integrated marketing and brand experience agency working across sport, entertainment, media, social impact and more. Driven by people pursuing the extraordinary, we build brands, work with properties and create live experiences.",Experiential Agency
The Zoo XYZ,Multiple locations,+44 7940 117588,[],https://www.instagram.com/thezooxyz,http://thezoo.xyz,"https://thevendry.com/cdn-cgi/image/height=400,width=400,fit=contain,metadata=none/https%3A%2F%2Fs3.amazonaws.com%2Fuploads.thevendry.co%2F457%2F1564180770189_bumbleexterior.jpg",Global Cultural Experiences Led By International Industry Experts,Experiential Agency
Thomas Preti,"New York, NY",+1 212 764 3188,[],https://www.instagram.com/thomaspretieventstosavor,http://thomaspreti.com,"https://thevendry.com/cdn-cgi/image/height=400,width=400,fit=contain,metadata=none/https%3A%2F%2Fs3.amazonaws.com%2Fuploads.thevendry.co%2F457%2F1564180770189_bumbleexterior.jpg","Thomas Preti is a caterer based in New York, NY.",Catering
MR. HOSPITALITY,"Brooklyn, NY",+1 212 579 1235,"['info@mrhospitality.nyc', 'info@mrhospitality.nyc']",https://www.instagram.com/mrhospitality.nyc,http://mrhospitality.nyc,"https://thevendry.com/cdn-cgi/image/height=400,width=400,fit=contain,metadata=none/https%3A%2F%2Fs3.amazonaws.com%2Fuploads.thevendry.co%2F457%2F1564180770189_bumbleexterior.jpg","MR. HOSPITALITY is a planning & production company based in Brooklyn, NY.",Planning & Production
Innovate Marketing Group,"Los Angeles, CA",+1 626 817 9588,"['info@innovatemkg.com', 'info@innovatemkg.com', 'info@innovatemkg.com', 'info@innovatemkg.com']",https://www.instagram.com/innovatemkg,https://innovatemkg.com/,"https://thevendry.com/cdn-cgi/image/height=400,width=400,fit=contain,metadata=none/https%3A%2F%2Fs3.amazonaws.com%2Fuploads.thevendry.co%2F457%2F1564180770189_bumbleexterior.jpg",WE HELP FUEL BRANDS TO CHANGE LIVES FOR THE BETTER,Planning & Production
Sktch Events,"Las Vegas, NV",+1 702 327 9368,[],https://www.instagram.com/sktchevents,http://sktchevents.com,"https://thevendry.com/cdn-cgi/image/height=400,width=400,fit=contain,metadata=none/https%3A%2F%2Fs3.amazonaws.com%2Fuploads.thevendry.co%2F457%2F1564180770189_bumbleexterior.jpg","Las Vegas based, Woman-Ownedüí´We are specialists in space design!",Fabrication
AGENC Experiential + Digital,"Los Angeles, CANew York, NY",No Phone Number,"['hello@agen-c.com', 'obs@agen-c.com']",https://www.instagram.com/weareagenc,http://agen-c.com,"https://thevendry.com/cdn-cgi/image/height=400,width=400,fit=contain,metadata=none/https%3A%2F%2Fs3.amazonaws.com%2Fuploads.thevendry.co%2F457%2F1564180770189_bumbleexterior.jpg","Award-winning, live experiences and integrated digital campaigns that shape ideas, change culture and amplify causes. Based in Los Angeles & New York, working worldwide.",Experiential Agency
AFR Furniture Rental,Multiple locations,No Phone Number,"['events@rentfurniture.com', 'events@rentfurniture.com', 'events@rentfurniture.com']",Not Available,https://www.afrevents.com/,"https://thevendry.com/cdn-cgi/image/height=400,width=400,fit=contain,metadata=none/https%3A%2F%2Fs3.amazonaws.com%2Fuploads.thevendry.co%2F457%2F1564180770189_bumbleexterior.jpg","AFR Furniture Rental is a rentals company based in Chicago, IL.",Rentals
CatAlina Productions ,"Newport Beach, CASanta Monica, CA",+1 714 204 9899,['hello@catalina-productions.com'],https://www.instagram.com/catalina_productions,http://catalina-productions.com,"https://thevendry.com/cdn-cgi/image/height=400,width=400,fit=contain,metadata=none/https%3A%2F%2Fs3.amazonaws.com%2Fuploads.thevendry.co%2F457%2F1564180770189_bumbleexterior.jpg",Strategically Designed Event Experiences ,Experiential Agency
Deborah Miller Catering & Events,"New York, NY",+1 646 706 4407,[],https://www.instagram.com/deborahmillercatering,http://deborahmillercatering.com,"https://thevendry.com/cdn-cgi/image/height=400,width=400,fit=contain,metadata=none/https%3A%2F%2Fs3.amazonaws.com%2Fuploads.thevendry.co%2F457%2F1564180770189_bumbleexterior.jpg","Deborah Miller Catering & Events is a caterer based in New York, NY.",Catering
Brand Activation Services,"New York, NY",+1 917 539 7344,[],Not Available,http://brandactivationservices.com,"https://thevendry.com/cdn-cgi/image/height=400,width=400,fit=contain,metadata=none/https%3A%2F%2Fs3.amazonaws.com%2Fuploads.thevendry.co%2F457%2F1564180770189_bumbleexterior.jpg","Brand Activation Services is an experiential designer based in New York, NY.",Experiential Design
Tonic Beverage Catering,"San Francisco, CA",No Phone Number,[],https://www.instagram.com/tonic_bev_catering,http://tonicbeveragecatering.com,"https://thevendry.com/cdn-cgi/image/height=400,width=400,fit=contain,metadata=none/https%3A%2F%2Fs3.amazonaws.com%2Fuploads.thevendry.co%2F457%2F1564180770189_bumbleexterior.jpg","Tonic Beverage Catering is a caterer based in San Francisco, CA.",Catering
NYC Photo Party,"New York, NY",+1 347 867 5671,[],https://www.instagram.com/nycphotoparty,http://nycphotoparty-2.com,"https://thevendry.com/cdn-cgi/image/height=400,width=400,fit=contain,metadata=none/https%3A%2F%2Fs3.amazonaws.com%2Fuploads.thevendry.co%2F457%2F1564180770189_bumbleexterior.jpg",NYC PHOTO PARTY is a New York City Based Interactive Event Photography & Experiential Marketing Company. Offering Nationwide Event Coverage. ,Photo Booth
Riviera Caterers,"New York, NY",+1 212 730 6850,[],https://www.instagram.com/rivieracaterers,http://rivieracaterers.com,"https://thevendry.com/cdn-cgi/image/height=400,width=400,fit=contain,metadata=none/https%3A%2F%2Fs3.amazonaws.com%2Fuploads.thevendry.co%2F457%2F1564180770189_bumbleexterior.jpg","Over 100 years of excellence & ""Non-Tradition."" Caterer of choice to the worlds biggest brands & celebrities!",Catering
Meritage Events,"Dallas, TXAustin, TX",+1 214 202 3933,"['info@meritageevents.com', 'info@meritageevents.com', 'info@meritageevents.com']",https://www.instagram.com/meritageevents,http://meritageevents.com,"https://thevendry.com/cdn-cgi/image/height=400,width=400,fit=contain,metadata=none/https%3A%2F%2Fs3.amazonaws.com%2Fuploads.thevendry.co%2F457%2F1564180770189_bumbleexterior.jpg","Meritage Events is a planning & production company based in Dallas, TX.",Planning & Production
The Factory NYC,"Brooklyn, NYBrooklyn, NY",+1 718 280 1558,['mail@address.com'],https://www.instagram.com/the_factory_nyc,http://thefactorynyc.com,"https://thevendry.com/cdn-cgi/image/height=400,width=400,fit=contain,metadata=none/https%3A%2F%2Fs3.amazonaws.com%2Fuploads.thevendry.co%2F457%2F1564180770189_bumbleexterior.jpg",Your favorite fabrication shop in Brooklyn.,Fabrication
The Hype Agency,"Salem, NHRedondo Beach, CA",+1 603 328 9019,"['newbusiness@thehypeagency.com', 'newbusiness@thehypeagency.com']",https://www.instagram.com/thehypeagency,http://thehypeagency.com,"https://thevendry.com/cdn-cgi/image/height=400,width=400,fit=contain,metadata=none/https%3A%2F%2Fs3.amazonaws.com%2Fuploads.thevendry.co%2F457%2F1564180770189_bumbleexterior.jpg","We are a nationwide, full-service event staffing and execution partner. Hype! continues to be recognized as an industry leader for its unmatched client service and talent management. We are not your average event staffing agency. ",Staffing
East Olivia,"New York, NY",No Phone Number,[],https://www.instagram.com/eastolivia,http://eastolivia.com,"https://thevendry.com/cdn-cgi/image/height=400,width=400,fit=contain,metadata=none/https%3A%2F%2Fs3.amazonaws.com%2Fuploads.thevendry.co%2F457%2F1564180770189_bumbleexterior.jpg","Floral design (specializing in large scale installations), creative direction and event design. Passionate about creating beauty in NY + LA & beyond.",Experiential Design
White Walls Fabrication,"Santa Clarita, CA",+1 661 702 1955,[],https://www.instagram.com/whitewallsfabrication,http://whitewallsfab.com,"https://thevendry.com/cdn-cgi/image/height=400,width=400,fit=contain,metadata=none/https%3A%2F%2Fs3.amazonaws.com%2Fuploads.thevendry.co%2F457%2F1564180770189_bumbleexterior.jpg","White Walls specializes in Design, Fabrication and Logistics for experiential events, sets and stages, trade show exhibits, interior environments, retail spaces, and mobile marketing tours.",Fabrication
28Muses,"New York, NY",+1 917 593 5749,"['privacy@28muses.com', 'privacy@28muses.com', 'privacy@28muses.com', 'privacy@28muses.com', 'privacy@28muses.com', 'privacy@28muses.com', 'info@28muses.com', 'book@28muses.com']",https://www.instagram.com/28Muses,http://28muses.com,"https://thevendry.com/cdn-cgi/image/height=400,width=400,fit=contain,metadata=none/https%3A%2F%2Fs3.amazonaws.com%2Fuploads.thevendry.co%2F457%2F1564180770189_bumbleexterior.jpg",We build human connection & culture through creativity. Our mission is to cultivate creative power through wonder & play.  Participants will walk away inspired & more confident while teams will walk away with more empathy & a long lasting bond.  üôå,Group Activities
On Board Experiential,Multiple locations,+1 415 331 4789,[],https://www.instagram.com/obexp,http://obexp.com,"https://thevendry.com/cdn-cgi/image/height=400,width=400,fit=contain,metadata=none/https%3A%2F%2Fs3.amazonaws.com%2Fuploads.thevendry.co%2F506%2F1609896394599_JPMCC-2020-Virtual-v1-Half.jpg",We are an experience-led agency.,Experiential Agency
Drawing Booth,Multiple locations,+1 347 593 8663,"['hello@drawingbooth.com', 'hello@drawingbooth.com', 'hello@drawingbooth.com', 'hello@drawingbooth.com', 'elke@drawingbooth.com', 'shira@drawingbooth.com', 'yasmin@drawingbooth.com']",https://www.instagram.com/drawingbooth,http://drawingbooth.com,"https://thevendry.com/cdn-cgi/image/height=400,width=400,fit=contain,metadata=none/https%3A%2F%2Fs3.amazonaws.com%2Fuploads.thevendry.co%2F506%2F1609896394599_JPMCC-2020-Virtual-v1-Half.jpg",Digital Live Art Experiences,Entertainment
Reservedx,"Toronto, CanadaWest Hollywood, CA",+1 416 998 0304,[],https://www.instagram.com/Rsvdx,http://reservedx.com,"https://thevendry.com/cdn-cgi/image/height=400,width=400,fit=contain,metadata=none/https%3A%2F%2Fs3.amazonaws.com%2Fuploads.thevendry.co%2F506%2F1609896394599_JPMCC-2020-Virtual-v1-Half.jpg","Reservedx is a Talent Management Agency representing a diverse team of event producers + marketing freelancers. We operate as an extension of our agency clients, the invisible third hand devoted to bringing the larger picture into fruition.",Planning & Production
Paulette Wolf Events & Entertainment,"Chicago, IL",+1 312 981 2600,"['events@pwe-e.com', 'events@pwe-e.com']",https://www.instagram.com/paulettewolfevents,http://pwe-e.com,"https://thevendry.com/cdn-cgi/image/height=400,width=400,fit=contain,metadata=none/https%3A%2F%2Fs3.amazonaws.com%2Fuploads.thevendry.co%2F506%2F1609896394599_JPMCC-2020-Virtual-v1-Half.jpg",Paulette Wolf Events is a top national event management and event planning company with offices in Chicago and Miami.,Planning & Production
J&L Catering,"Chicago, IL",+1 312 280 7900,"['info@jandcatering.com', 'info@jandcatering.com', 'info@jandcatering.com', 'info@jandcatering.com', 'info@jandcatering.com', 'info@jandcatering.com', 'info@jandlcatering.com', 'info@jandlcatering.com']",https://www.instagram.com/jandlcatering,http://jandlcatering.com,"https://thevendry.com/cdn-cgi/image/height=400,width=400,fit=contain,metadata=none/https%3A%2F%2Fs3.amazonaws.com%2Fuploads.thevendry.co%2F506%2F1609896394599_JPMCC-2020-Virtual-v1-Half.jpg",Creating high end custom food with highly personalized service ,Catering
Sense New York,"New York, NY",+1 917 453 2400,"['sarah@sense-nyc.com', 'sarah@sense-nyc.com', '/@51.5161547', 'ick.adams@senselondon.com', 'nick.adams@senselondon.com', '/@51.5161547', 'ick.adams@senselondon.com', 'nick.adams@senselondon.com', 'sarah@sense-nyc.com', 'sarah@sense-nyc.com', '/@51.5161547', 'ick.adams@senselondon.com', 'nick.adams@senselondon.com', 'sarah@sense-nyc.com', 'sarah@sense-nyc.com']",https://www.instagram.com/sensemktg,http://sensemktg.com/us,"https://thevendry.com/cdn-cgi/image/height=400,width=400,fit=contain,metadata=none/https%3A%2F%2Fs3.amazonaws.com%2Fuploads.thevendry.co%2F506%2F1609896394599_JPMCC-2020-Virtual-v1-Half.jpg",Sense is a strategically-driven experiential agency that produces unique creative moments to capture the hearts and minds of any audience. ,Experiential Agency
BeCore,"Los Angeles, CA",+1 213 747 3123,"['bizdev@becore.com', 'bizdev@becore.com', ""'/wp-content/uploads/2019/11/bg-img@3x.jpg"", 'bizdev@becore.com', 'bizdev@becore.com']",Not Available,http://becore.com,"https://thevendry.com/cdn-cgi/image/height=400,width=400,fit=contain,metadata=none/https%3A%2F%2Fs3.amazonaws.com%2Fuploads.thevendry.co%2F506%2F1609896394599_JPMCC-2020-Virtual-v1-Half.jpg",Connecting brands with consumers through real world experiences since 99',Experiential Agency
Bash Creative,"San Francisco, CA",+1 415 295 5078,"['info@bash-creative.com', 'info@bash-creative.com', 'info@bash-creative.com', 'info@bash-creative.com', 'info@bash-creative.com']",https://www.instagram.com/bashcreative,http://bash-creative.com,"https://thevendry.com/cdn-cgi/image/height=400,width=400,fit=contain,metadata=none/https%3A%2F%2Fs3.amazonaws.com%2Fuploads.thevendry.co%2F506%2F1609896394599_JPMCC-2020-Virtual-v1-Half.jpg",Distinctive Style Meets Flawless Execution,Planning & Production
KEHOE DESIGNS,"Chicago, IL",+1 312 421 0030,[],https://www.instagram.com/kehoedesigns,http://kehoedesigns.com,"https://thevendry.com/cdn-cgi/image/height=400,width=400,fit=contain,metadata=none/https%3A%2F%2Fs3.amazonaws.com%2Fuploads.thevendry.co%2F506%2F1609896394599_JPMCC-2020-Virtual-v1-Half.jpg","Kehoe Designs has built a reputation for innovative event designs, personalized experiences for luxury weddings, corporate events, and social gatherings!",Planning & Production
Fun Corporate Magic,"New York, NY",+1 646 476 9830,['info@funcorporatemagic.com'],https://www.instagram.com/illusionistmatias,http://funcorporatemagic.com,"https://thevendry.com/cdn-cgi/image/height=400,width=400,fit=contain,metadata=none/https%3A%2F%2Fs3.amazonaws.com%2Fuploads.thevendry.co%2F506%2F1609896394599_JPMCC-2020-Virtual-v1-Half.jpg","Fun Corporate Magic is an entertainment company based in New York, NY.",Entertainment
Meridian Events,"New York, NY",+1 561 578 9000,[],https://www.instagram.com/meridianeventsnyc,http://meridianevents.com,"https://thevendry.com/cdn-cgi/image/height=400,width=400,fit=contain,metadata=none/https%3A%2F%2Fs3.amazonaws.com%2Fuploads.thevendry.co%2F506%2F1609896394599_JPMCC-2020-Virtual-v1-Half.jpg",Luxury Corporate Events & Incentive Trips,Planning & Production
RentQuest,"New York, NY",+1 212 243 4291,"['rentquestnyc1107@gmail.com', 'rentquestnyc1107@gmail.com', 'vanessa@rentquestnyc.com', 'info@rentquestnyc.com']",https://www.instagram.com/rentquest_nyc,http://rentquestnyc.com,"https://thevendry.com/cdn-cgi/image/height=400,width=400,fit=contain,metadata=none/https%3A%2F%2Fs3.amazonaws.com%2Fuploads.thevendry.co%2F506%2F1609896394599_JPMCC-2020-Virtual-v1-Half.jpg","Welcome to New York‚Äôs leading event rental company, creating the space for your time.",Rentals
Canary Marketing,"San Francisco, CA",+1 415 635 2100,"['hello@canarymarketing.com', 'hello@canarymarketing.com', 'hr@canarymarketing.com', 'hr@canarymarketing.com', 'retailers@canarymarketing.com', 'retailers@canarymarketing.com']",https://www.instagram.com/canarymarketing,http://canarymarketing.com,"https://thevendry.com/cdn-cgi/image/height=400,width=400,fit=contain,metadata=none/https%3A%2F%2Fs3.amazonaws.com%2Fuploads.thevendry.co%2F506%2F1609896394599_JPMCC-2020-Virtual-v1-Half.jpg",We bring brands to life through product and experiences globally.,Gifts & Swag
CxRA,"New York, NY",+1 212 755 8300,[],https://www.instagram.com/cxra_nyc,http://cxra.com,"https://thevendry.com/cdn-cgi/image/height=400,width=400,fit=contain,metadata=none/https%3A%2F%2Fs3.amazonaws.com%2Fuploads.thevendry.co%2F506%2F1609896394599_JPMCC-2020-Virtual-v1-Half.jpg","CxRA is a custom caterer devoted to creating extraordinary events. Fresh, local ingredients and years of fine-tuned culinary expertise are just the start. Where do we go from there? Wherever you like.",Catering
Prospect Events,"New York, NY",+1 415 463 9857,[],https://www.instagram.com/prospect.events,http://prospect-events.com,"https://thevendry.com/cdn-cgi/image/height=400,width=400,fit=contain,metadata=none/https%3A%2F%2Fs3.amazonaws.com%2Fuploads.thevendry.co%2F506%2F1609896394599_JPMCC-2020-Virtual-v1-Half.jpg",A fresh approach to events. ,Planning & Production
MadeFirst,"Nashville, TNSanta Clarita, CA",+1 615 583 9113,[],https://www.instagram.com/madefirsttn,http://madefirst.com,"https://thevendry.com/cdn-cgi/image/height=400,width=400,fit=contain,metadata=none/https%3A%2F%2Fs3.amazonaws.com%2Fuploads.thevendry.co%2F506%2F1609896394599_JPMCC-2020-Virtual-v1-Half.jpg","MadeFirst has the artisans, resources and creativity to see your ideas realized.",Fabrication
Creative Edge Parties,"New York, NYMiami, FL",+1 212 741 3000,[],https://www.instagram.com/creattiveedgeparties,http://creativeedgeparties.com,"https://thevendry.com/cdn-cgi/image/height=400,width=400,fit=contain,metadata=none/https%3A%2F%2Fs3.amazonaws.com%2Fuploads.thevendry.co%2F506%2F1609896394599_JPMCC-2020-Virtual-v1-Half.jpg","Creative Edge Parties is a caterer based in New York, NY.",Catering
Chocotastery,"Hoboken, NJ",+1 646 522 6524,"['support@gist-apps.com', 'support@gist-apps.com', 'support@chocotastery.com', 'support@chocotastery.com', '//cdn.shopify.com/s/files/1/0019/9098/3733/files/chocotastery-logo-transparent_3b6d7729-dc7c-4813-a179-56dfcfaf93e0_140x@2x.png', 'example@mail.com', 'user@example.com']",https://www.instagram.com/instagram,http://chocotastery.com,"https://thevendry.com/cdn-cgi/image/height=400,width=400,fit=contain,metadata=none/https%3A%2F%2Fs3.amazonaws.com%2Fuploads.thevendry.co%2F506%2F1609896394599_JPMCC-2020-Virtual-v1-Half.jpg",Your Destination for Chocolate Education and Tasting Experiences Perfect for any Team Building and Corporate Event!,Group Activities
Abigail Kirsch,"New York, NY",+1 212 696 4076,[],https://www.instagram.com/abigailkirschculinary,http://abigailkirsch.com/catering-events/,"https://thevendry.com/cdn-cgi/image/height=400,width=400,fit=contain,metadata=none/https%3A%2F%2Fs3.amazonaws.com%2Fuploads.thevendry.co%2F506%2F1609896394599_JPMCC-2020-Virtual-v1-Half.jpg","From luncheons in Central Park, to product launches at the Empire State Building, to weddings in a country mansion, Abigail Kirsch events are exceptional.",Catering
Robotproof,"Los Angeles, CA",+1 404 550 2952,"['info@wearerobotproof.com', 'info@wearerobotproof.com']",https://www.instagram.com/wearerobotproof,http://wearerobotproof.com,"https://thevendry.com/cdn-cgi/image/height=400,width=400,fit=contain,metadata=none/https%3A%2F%2Fs3.amazonaws.com%2Fuploads.thevendry.co%2F506%2F1609896394599_JPMCC-2020-Virtual-v1-Half.jpg",Good Thinking Served Here,Experiential Agency
Clark Studio,"Los Angeles, CANew York, NY",+1 212 365 0958,['scott@scottclarkphoto.com'],https://www.instagram.com/clarkstudio,http://clarkstudio.com,"https://thevendry.com/cdn-cgi/image/height=400,width=400,fit=contain,metadata=none/https%3A%2F%2Fs3.amazonaws.com%2Fuploads.thevendry.co%2F506%2F1609896394599_JPMCC-2020-Virtual-v1-Half.jpg","Clark Studio is an Event Photography Agency located in New York and Los Angeles. We tell your story through Design, Fashion, and Style. ",Photography
Makeout,"Brooklyn, NY",+1 518 750 4194,"['lets@makeout.nyc', 'lets@makeout.nyc', 'lets@makeout.nyc', 'xoxo@makeout.nyc', 'xoxo@makeout.nyc']",https://www.instagram.com/makeoutnyc,http://makeout.nyc,"https://thevendry.com/cdn-cgi/image/height=400,width=400,fit=contain,metadata=none/https%3A%2F%2Fs3.amazonaws.com%2Fuploads.thevendry.co%2F506%2F1609896394599_JPMCC-2020-Virtual-v1-Half.jpg",Makeout is a creative production partner that specializes in all things content & experiential.,Experiential Agency
HighLife Productions,"New York, NY",+1 917 837 5197,"['info@thehighlifeproductions.com', 'info@thehighlifeproductions.com']",https://www.instagram.com/TheHighLifeProductionsco,http://thehighlifeproductions.com,"https://thevendry.com/cdn-cgi/image/height=400,width=400,fit=contain,metadata=none/https%3A%2F%2Fs3.amazonaws.com%2Fuploads.thevendry.co%2F506%2F1609896394599_JPMCC-2020-Virtual-v1-Half.jpg","The key to an extraordinary event is extraordinary event planning. We are a NYC based, full-service event production agency, employing exceptional model staff for exceptional clients.",Planning & Production
ASV,"Torrance, CA",+1 424 205 1426,[],https://www.instagram.com/asvinc,http://asv1.com,"https://thevendry.com/cdn-cgi/image/height=400,width=400,fit=contain,metadata=none/https%3A%2F%2Fs3.amazonaws.com%2Fuploads.thevendry.co%2F506%2F1609896394599_JPMCC-2020-Virtual-v1-Half.jpg","We are an award-winning, minority owned 34-year experiential marketing company with an 85,000 sq/ft facility housing a full wood shop, metal shop, paint shop, grand format print department, rental inventory and client storage.  ",Planning & Production
